point,mean_Hs,std_Hs,ref_rmsd_pct
1-Point-06-50: Sign. Wave Height,0.34337179894274006,0.20145664168685867,0.0
