point,mean_Hs,std_Hs,ref_rmsd_pct
1-Point-06-50: Sign. Wave Height,0.12151068909009864,0.16595794503815203,0.0
