point,mean_Hs,std_Hs,ref_rmsd_pct
1-Point-06-50: Sign. Wave Height,0.10883273061255577,0.12709059239681725,0.0
